True_Sigma2,Est_Sigma2_Mean,Est_Sigma2_Std,Bias,Relative_Bias_Pct,t_statistic,p_value,Shapiro_Stat,Shapiro_pval
0.25,0.14478703121370184,0.007824413477253088,-0.10521296878629816,-42.08518751451926,-30.067857610628216,7.2869466214431355e-06,0.8294715285301208,0.1378561109304428
