Model,Architecture,R²,RMSE,MAE,Improvement_%,Training_Time,Parameters
OLS Baseline,-,0.5313059537846192,1.7535893771530613,1.3974346308507841,0.0,instant,-
GNN-GTVC,GraphSAGE,0.8887308399613938,0.8544184000367088,0.5875547402268801,67.2728930723911,~14s,21K
GNN-GTVC,GCN,0.7755421906011148,1.213530085277579,0.921100096474347,45.969038192917395,~10-15s,12K-25K
GNN-GTVC,GAT,0.8339857915640609,1.0436522580483052,0.7724452866118549,56.96902803805999,~10-15s,12K-25K
GNN-GTWR,GraphSAGE,0.9798236525216031,0.36383498927088115,0.2013521372420423,84.4179696354022,~6-7min,~35K
GNN-GTWR,GCN,0.9715387177862564,0.43212602073735495,0.28133268150070584,82.85861674723465,~6-7min,~35K
GNN-GTWR,GAT,0.9722592154272061,0.4266213223014787,0.28326831094861493,82.9942255496238,~6-7min,~35K
