"Model","R2","RMSE","MAE"
"OLS",0.152088191342535,0.641038705662114,0.474232117406933
"WLS",0.149539346373668,0.642001472197784,0.470324453248369
"GWR-Adaptive",0.196579268959813,0.623994020398566,0.467412724130067
"GWR-Fixed",0.171171269352901,0.63378405609948,0.470948070509657
"GTWR-Adaptive",0.678249833027321,0.394882876396687,0.270084761322527
