Model,RMSE_y,R2_y,MAE_beta,Time_seconds,NaN_pct
GA-GWR (B=5),0.43536222838764094,0.8753133677661061,0.14839227022253154,212.52103447914124,1.0
Classical GWR,0.6531209904957483,0.7165538979933874,0.23760188861710654,0.8631629943847656,0.0
OLS,0.7129881291354692,0.6622092102705741,0.2704888581661373,0.016948461532592773,0.0
