Model,Labeled_Ratio,N_Labeled,N_Unlabeled,Lambda_u,Test_R2,Test_RMSE,Test_MAE
GNN SSL,75%,205,69,0.1,-0.006482445964813399,0.9410765632921486,0.7285537113876449
GNN SSL,50%,137,137,0.1,-0.01166183714119673,0.9434948613202422,0.7313349181697705
GNN SSL,25%,68,206,0.1,-0.03461484368075629,0.954138033577707,0.7300289485440677
GNN SSL,10%,27,247,0.1,-0.03710086731626183,0.9552836707833373,0.729086854427831
GNN Supervised,100%,274,0,0.0,-0.04222525522891152,0.957640824367493,0.7390913049439847
