Koefisien,Metode,Mean,Std,Min,Q1,Median,Q3,Max
$\beta_0$,True,2.0,1.5025774519421955,0.0,0.5224219790623577,2.0,3.4775780209376426,4.0
$\beta_0$,GWR,2.0190933470442625,1.1079320246013267,-0.0981459293835295,1.052794009208076,2.1384023770698355,2.946308982163165,3.9504199822150277
$\beta_0$,GA-GWR,2.0143227171352516,1.5209382504956668,-0.2844206194082896,0.5319339210788409,2.0686842799186707,3.501116375128428,4.15310001373291
$\beta_1$,True,-0.20833333333333334,2.491304321479458,-2.5,-2.5,-2.5,2.5,2.5
$\beta_1$,GWR,-0.21735812256233228,2.329152567589499,-2.8144764110883878,-2.500996317365524,-1.4141521205066088,2.400566687818862,2.7081703082904607
$\beta_1$,GA-GWR,-0.23389743296084575,2.480771081579292,-2.8204129536946616,-2.532130142052968,-2.338518977165222,2.445400277773539,2.7450183232625327
$\beta_2$,True,2.044552214492668,0.5078732409633071,1.0139012255090702,2.0,2.0,2.1006418726673743,2.9786190034210547
$\beta_2$,GWR,2.0563810737162447,0.4973062768822499,0.8199118233623512,1.8838900513192671,2.037646616851215,2.302898188852195,3.0918137814438764
$\beta_2$,GA-GWR,2.045559305007811,0.5313011709591197,0.7677803834279379,1.8534727096557617,2.00016721089681,2.24975715080897,3.3160741329193115
